BETWEENNESS_CENTRALITY_SCORE,AIRPORT,CITY_NAME
228295.0,"{'LGB', 'HHR', 'VNY', 'SNA', 'ONT', 'BUR', 'LAX'}","{'Hawthorne, CA', 'Santa Ana, CA', 'Ontario, CA', 'Los Angeles, CA', 'Van Nuys, CA', 'Burbank, CA', 'Long Beach, CA'}"
214298.0,"{'LKE', 'SEA', 'BFI', 'KEH'}","{'Kenmore, WA', 'Seattle, WA'}"
165949.0,"{'MRI', 'ANC'}","{'Anchorage, AK'}"
120874.0,"{'SWF', 'JFK', 'HPN', 'LGA', 'ISP', 'EWR'}","{'Newburgh/Poughkeepsie, NY', 'Newark, NJ', 'New York, NY', 'Islip, NY', 'White Plains, NY'}"
77719.0,"{'FTW', 'DFW', 'ADS', 'DAL'}","{'Dallas, TX', 'Dallas/Fort Worth, TX'}"
75270.0,"{'APA', 'DEN'}","{'Denver, CO'}"
71134.0,"{'FTY', 'ATL', 'PDK'}","{'Atlanta, GA'}"
53878.0,{'BET'},"{'Bethel, AK'}"
47471.0,"{'PWK', 'ORD', 'GYY', 'MDW'}","{'Gary, IN', 'Chicago, IL'}"
40707.0,"{'FAI', 'MTX'}","{'Fairbanks, AK'}"
33787.0,"{'SCF', 'AZA', 'PHX'}","{'Phoenix, AZ'}"
29653.0,{'CLT'},"{'Charlotte, NC'}"
24214.0,"{'FLL', 'MIA', 'OPF', 'FXE', 'MPB'}","{'Miami, FL', 'Fort Lauderdale, FL'}"
22236.0,{'OME'},"{'Nome, AK'}"
20934.0,{'MSP'},"{'Minneapolis, MN'}"
19633.0,"{'BOS', 'MHT', 'PVD'}","{'Boston, MA', 'Manchester, NH', 'Providence, RI'}"
19597.0,{'HNL'},"{'Honolulu, HI'}"
15756.0,{'OTZ'},"{'Kotzebue, AK'}"
15107.0,{'JNU'},"{'Juneau, AK'}"
14412.0,"{'MTN', 'IAD', 'BWI', 'DCA'}","{'Baltimore, MD', 'Washington, DC'}"
13150.0,{'SLC'},"{'Salt Lake City, UT'}"
12331.0,"{'CCR', 'OAK', 'SJC', 'SFO'}","{'San Jose, CA', 'Concord, CA', 'Oakland, CA', 'San Francisco, CA'}"
10975.0,"{'MCO', 'ORL'}","{'Orlando, FL'}"
10537.0,{'DLG'},"{'Dillingham, AK'}"
10522.0,{'AKN'},"{'King Salmon, AK'}"
9884.0,"{'YIP', 'DTW'}","{'Detroit, MI'}"
9250.0,"{'HOU', 'IAH'}","{'Houston, TX'}"
9081.0,"{'LAS', 'HSH', 'VGT'}","{'Las Vegas, NV'}"
6774.0,{'GRR'},"{'Grand Rapids, MI'}"
6600.0,{'BIL'},"{'Billings, MT'}"
6598.0,{'DUT'},"{'Unalaska, AK'}"
6593.0,"{'WFB', 'KTN'}","{'Ketchikan, AK'}"
5945.0,"{'SJU', 'SIG'}","{'San Juan, PR'}"
5935.0,"{'TN8', 'BNA'}","{'Nashville, TN'}"
5294.0,"{'PHL', 'PNE'}","{'Philadelphia, PA'}"
5287.0,"{'PIT', 'AGC'}","{'Pittsburgh, PA'}"
5284.0,{'BRW'},"{'Barrow, AK'}"
5273.0,"{'STL', 'SUS', 'CPS'}","{'St. Louis, MO'}"
3966.0,{'HOM'},"{'Homer, AK'}"
3965.0,{'TEB'},"{'Teterboro, NJ'}"
3960.0,{'PGA'},"{'Page, AZ'}"
3960.0,{'GUM'},"{'Guam, TT'}"
3934.0,{'PGD'},"{'Punta Gorda, FL'}"
3907.0,"{'PIE', 'TPA'}","{'St. Petersburg, FL', 'Tampa, FL'}"
3339.0,{'SFB'},"{'Sanford, FL'}"
3311.0,{'EMK'},"{'Emmonak, AK'}"
3311.0,{'ILI'},"{'Iliamna, AK'}"
3302.0,{'BZN'},"{'Bozeman, MT'}"
3301.0,{'ABQ'},"{'Albuquerque, NM'}"
2897.0,{'TYS'},"{'Knoxville, TN'}"
2663.0,{'RDU'},"{'Raleigh/Durham, NC'}"
2657.0,{'FRG'},"{'East Farmingdale, NY'}"
2646.0,{'OGG'},"{'Kahului, HI'}"
2646.0,{'SPN'},"{'Saipan, TT'}"
2646.0,{'CDB'},"{'Cold Bay, AK'}"
2646.0,{'BLD'},"{'Boulder City, NV'}"
2646.0,{'ACK'},"{'Nantucket, MA'}"
2646.0,{'JAX'},"{'Jacksonville, FL'}"
2646.0,{'GAL'},"{'Galena, AK'}"
2645.0,{'ANI'},"{'Aniak, AK'}"
2644.0,{'SBA'},"{'Santa Barbara, CA'}"
1991.0,{'SIT'},"{'Sitka, AK'}"
1985.0,{'BUF'},"{'Buffalo, NY'}"
1981.0,{'TKJ'},"{'Tok, AK'}"
1971.0,{'HSL'},"{'Huslia, AK'}"
1324.0,{'RNO'},"{'Reno, NV'}"
1324.0,{'MKK'},"{'Hoolehua, HI'}"
1324.0,{'CPX'},"{'Culebra, PR'}"
1324.0,{'SQL'},"{'San Carlos, CA'}"
1324.0,"{'BAD', 'SHV'}","{'Shreveport, LA'}"
1324.0,{'GPT'},"{'Gulfport/Biloxi, MS'}"
1324.0,{'MFR'},"{'Medford, OR'}"
1324.0,{'EYW'},"{'Key West, FL'}"
1324.0,{'LEX'},"{'Lexington, KY'}"
1324.0,"{'CMH', 'LCK'}","{'Columbus, OH'}"
1324.0,{'RSW'},"{'Fort Myers, FL'}"
1324.0,"{'SDM', 'SAN'}","{'San Diego, CA'}"
1324.0,{'PDX'},"{'Portland, OR'}"
1324.0,{'ENA'},"{'Kenai, AK'}"
1324.0,{'PVC'},"{'Provincetown, MA'}"
1324.0,{'EWN'},"{'New Bern/Morehead/Beaufort, NC'}"
1324.0,{'PAE'},"{'Everett, WA'}"
1324.0,{'7AK'},"{'Akun, AK'}"
1323.0,{'MMH'},"{'Mammoth Lakes, CA'}"
1318.0,{'BED'},"{'Bedford, MA'}"
1315.0,{'RIL'},"{'Rifle, CO'}"
1304.0,{'ALB'},"{'Albany, NY'}"
668.0,{'RDM'},"{'Bend/Redmond, OR'}"
668.0,{'LNS'},"{'Lancaster, PA'}"
668.0,"{'BQK', 'SSI'}","{'Brunswick, GA'}"
667.0,{'MVY'},"{""Martha's Vineyard, MA""}"
667.0,{'BJC'},"{'Broomfield, CO'}"
667.0,{'SAD'},"{'Safford, AZ'}"
667.0,{'BTR'},"{'Baton Rouge, LA'}"
667.0,{'GKN'},"{'Gulkana, AK'}"
667.0,{'LAN'},"{'Lansing, MI'}"
667.0,{'CKB'},"{'Clarksburg/Fairmont, WV'}"
667.0,{'MCG'},"{'McGrath, AK'}"
667.0,{'AUS'},"{'Austin, TX'}"
658.0,{'SRQ'},"{'Sarasota/Bradenton, FL'}"
658.0,{'COS'},"{'Colorado Springs, CO'}"
658.0,{'RIC'},"{'Richmond, VA'}"
658.0,{'MNT'},"{'Minto, AK'}"
658.0,{'MMU'},"{'Morristown, NJ'}"
657.0,"{'XNA', 'FYV'}","{'Fayetteville, AR'}"
657.0,{'CFT'},"{'Clifton, AZ'}"
657.0,{'TEK'},"{'Tatitlek, AK'}"
657.0,{'MSY'},"{'New Orleans, LA'}"
657.0,{'CHO'},"{'Charlottesville, VA'}"
656.0,{'SCM'},"{'Scammon Bay, AK'}"
6.0,{'NUL'},"{'Nulato, AK'}"
0.0,{'PIP'},"{'Pilot Point, AK'}"
0.0,{'PIH'},"{'Pocatello, ID'}"
0.0,{'YUM'},"{'Yuma, AZ'}"
0.0,{'NUI'},"{'Nuiqsut, AK'}"
0.0,{'PIR'},"{'Pierre, SD'}"
0.0,{'NUP'},"{'Nunapitchuk, AK'}"
0.0,{'PIB'},"{'Hattiesburg/Laurel, MS'}"
0.0,{'PIA'},"{'Peoria, IL'}"
0.0,{'PHO'},"{'Point Hope, AK'}"
0.0,{'PIZ'},"{'Point Lay, AK'}"
0.0,{'PGV'},"{'Greenville, NC'}"
0.0,{'PGM'},"{'Port Graham, AK'}"
0.0,{'NUQ'},"{'Mountain View, CA'}"
0.0,{'OBU'},"{'Kobuk, AK'}"
0.0,{'PEC'},"{'Pelican, AK'}"
0.0,{'PAH'},"{'Paducah, KY'}"
0.0,{'ORV'},"{'Noorvik, AK'}"
0.0,{'OTH'},"{'North Bend/Coos Bay, OR'}"
0.0,{'OOK'},"{'Toksook, AK'}"
0.0,{'OWB'},"{'Owensboro, KY'}"
0.0,{'JRV'},"{'Ceiba, PR'}"
0.0,{'OXC'},"{'Waterbury, CT'}"
0.0,{'OLF'},"{'Wolf Point, MT'}"
0.0,{'OAJ'},"{'Jacksonville/Camp Lejeune, NC'}"
0.0,{'ORH'},"{'Worcester, MA'}"
0.0,{'PAQ'},"{'Palmer, AK'}"
0.0,{'OKC'},"{'Oklahoma City, OK'}"
0.0,{'RDD'},"{'Redding, CA'}"
0.0,{'PBG'},"{'Plattsburgh, NY'}"
0.0,{'OGS'},"{'Ogdensburg, NY'}"
0.0,{'PBI'},"{'West Palm Beach/Palm Beach, FL'}"
0.0,{'PDB'},"{'Pedro Bay, AK'}"
0.0,{'PDT'},"{'Pendleton, OR'}"
0.0,{'MSO'},"{'Missoula, MT'}"
0.0,{'NPT'},"{'Newport, RI'}"
0.0,{'MCN'},"{'Macon, GA'}"
0.0,"{'CVG', 'LUK'}","{'Cincinnati, OH'}"
0.0,{'LUP'},"{'Kalaupapa, HI'}"
0.0,{'LUR'},"{'Cape Lisburne, AK'}"
0.0,{'LVK'},"{'Livermore, CA'}"
0.0,{'LWB'},"{'Lewisburg, WV'}"
0.0,{'LWS'},"{'Lewiston, ID'}"
0.0,{'LYH'},"{'Lynchburg, VA'}"
0.0,{'MAF'},"{'Midland/Odessa, TX'}"
0.0,{'LRU'},"{'Las Cruces, NM'}"
0.0,{'MAZ'},"{'Mayaguez, PR'}"
0.0,{'MBL'},"{'Manistee/Ludington, MI'}"
0.0,{'MBS'},"{'Saginaw/Bay City/Midland, MI'}"
0.0,"{'MHR', 'SMF'}","{'Sacramento, CA'}"
0.0,{'MCE'},"{'Merced, CA'}"
0.0,"{'MKC', 'MCI'}","{'Kansas City, MO'}"
0.0,{'MCK'},"{'McCook, NE'}"
0.0,{'LSE'},"{'La Crosse, WI'}"
0.0,{'LPS'},"{'Lopez Island, WA'}"
0.0,{'PNS'},"{'Pensacola, FL'}"
0.0,{'LFT'},"{'Lafayette, LA'}"
0.0,{'LAW'},"{'Lawton/Fort Sill, OK'}"
0.0,{'LBB'},"{'Lubbock, TX'}"
0.0,{'LBE'},"{'Latrobe, PA'}"
0.0,{'LBF'},"{'North Platte, NE'}"
0.0,{'LBL'},"{'Liberal, KS'}"
0.0,{'LCI'},"{'Laconia, NH'}"
0.0,{'LEB'},"{'Lebanon-Hanover, NH'}"
0.0,{'LGU'},"{'Logan, UT'}"
0.0,{'LOZ'},"{'London/Corbin, KY'}"
0.0,{'LIH'},"{'Lihue, HI'}"
0.0,{'LKP'},"{'Lake Placid, NY'}"
0.0,{'LMA'},"{'Lake Minchumina, AK'}"
0.0,{'LNK'},"{'Lincoln, NE'}"
0.0,{'LNY'},"{'Lanai, HI'}"
0.0,{'LRD'},"{'Laredo, TX'}"
0.0,{'SDF'},"{'Louisville, KY'}"
0.0,{'MCW'},"{'Mason City, IA'}"
0.0,{'SAT'},"{'San Antonio, TX'}"
0.0,{'MEI'},"{'Meridian, MS'}"
0.0,{'MUE'},"{'Kamuela, HI'}"
0.0,{'MSL'},"{'Muscle Shoals, AL'}"
0.0,{'MSN'},"{'Madison, WI'}"
0.0,{'PKB'},"{'Parkersburg, WV'}"
0.0,{'MSS'},"{'Massena, NY'}"
0.0,{'MTC'},"{'Mt. Clemens, MI'}"
0.0,{'MTJ'},"{'Montrose/Delta, CO'}"
0.0,{'MTM'},"{'Metlakatla, AK'}"
0.0,{'MWA'},"{'Marion/Herrin, IL'}"
0.0,{'MEM'},"{'Memphis, TN'}"
0.0,{'MWH'},"{'Moses Lake, WA'}"
0.0,{'MYU'},"{'Mekoryuk, AK'}"
0.0,"{'2VA', 'PHF', 'ORF'}","{'Newport News/Williamsburg, VA', 'Williamsburg, VA', 'Norfolk, VA'}"
0.0,{'NIB'},"{'Nikolai, AK'}"
0.0,{'N1C'},"{'Cherry Point, NC'}"
0.0,{'NME'},"{'Nightmute, AK'}"
0.0,{'NNL'},"{'Nondalton, AK'}"
0.0,{'MRC'},"{'Columbia, TN'}"
0.0,{'MQY'},"{'Smyrna, TN'}"
0.0,{'MQT'},"{'Marquette, MI'}"
0.0,{'MOU'},"{'Mountain Village, AK'}"
0.0,{'MFE'},"{'Mission/McAllen/Edinburg, TX'}"
0.0,{'MGM'},"{'Montgomery, AL'}"
0.0,{'MGW'},"{'Morgantown, WV'}"
0.0,{'MHK'},"{'Manhattan/Ft. Riley, KS'}"
0.0,{'MOT'},"{'Minot, ND'}"
0.0,{'OMA'},"{'Omaha, NE'}"
0.0,{'MKE'},"{'Milwaukee, WI'}"
0.0,{'MKG'},"{'Muskegon, MI'}"
0.0,{'MKL'},"{'Jackson, TN'}"
0.0,{'MLB'},"{'Melbourne, FL'}"
0.0,{'MLI'},"{'Moline, IL'}"
0.0,{'MLL'},"{'Marshall, AK'}"
0.0,{'MLU'},"{'Monroe, LA'}"
0.0,{'MLY'},"{'Manley Hot Springs, AK'}"
0.0,{'MNZ'},"{'Manassas, VA'}"
0.0,{'PKA'},"{'Napaskiak, AK'}"
0.0,{'KLW'},"{'Klawock, AK'}"
0.0,{'PLN'},"{'Pellston, MI'}"
0.0,{'TOG'},"{'Togiak, AK'}"
0.0,{'TKE'},"{'Tenakee, AK'}"
0.0,{'TKF'},"{'Truckee, CA'}"
0.0,{'TLA'},"{'Teller, AK'}"
0.0,{'TLH'},"{'Tallahassee, FL'}"
0.0,{'TLT'},"{'Tuluksak, AK'}"
0.0,{'TNC'},"{'Tin City, AK'}"
0.0,{'TNK'},"{'Tununak, AK'}"
0.0,{'TRI'},"{'Bristol/Johnson City/Kingsport, TN'}"
0.0,{'TYE'},"{'Tyonek, AK'}"
0.0,{'TSM'},"{'Taos, NM'}"
0.0,{'TTN'},"{'Trenton, NJ'}"
0.0,{'TUP'},"{'Tupelo, MS'}"
0.0,{'TVC'},"{'Traverse City, MI'}"
0.0,{'TVF'},"{'Thief River Falls, MN'}"
0.0,{'TWA'},"{'Twin Hills, AK'}"
0.0,{'TWF'},"{'Twin Falls, ID'}"
0.0,{'TIQ'},"{'Tinian, TT'}"
0.0,{'TEX'},"{'Telluride, CO'}"
0.0,{'TOL'},"{'Toledo, OH'}"
0.0,{'TCT'},"{'Takotna, AK'}"
0.0,{'STX'},"{'Christiansted, VI'}"
0.0,{'STG'},"{'St. George Island, AK'}"
0.0,{'SUA'},"{'Stuart, FL'}"
0.0,{'SUN'},"{'Sun Valley/Hailey/Ketchum, ID'}"
0.0,{'SUX'},"{'Sioux City, IA'}"
0.0,{'SVA'},"{'Savoonga, AK'}"
0.0,{'SVC'},"{'Silver City/Hurley, NM'}"
0.0,{'SVS'},"{'Stevens Village, AK'}"
0.0,{'SWO'},"{'Stillwater, OK'}"
0.0,{'SXP'},"{'Sheldon Point, AK'}"
0.0,{'SXQ'},"{'Soldotna, AK'}"
0.0,{'SYR'},"{'Syracuse, NY'}"
0.0,{'TAL'},"{'Tanana, AK'}"
0.0,{'TBN'},"{'Fort Leonard Wood, MO'}"
0.0,{'TCL'},"{'Tuscaloosa, AL'}"
0.0,{'TXK'},"{'Texarkana, AR'}"
0.0,{'TYR'},"{'Tyler, TX'}"
0.0,{'PPC'},"{'Prospect Creek, AK'}"
0.0,{'YAK'},"{'Yakutat, AK'}"
0.0,{'WNA'},"{'Napakiak, AK'}"
0.0,{'WRG'},"{'Wrangell, AK'}"
0.0,{'WSN'},"{'South Naknek, AK'}"
0.0,{'WST'},"{'Westerly, RI'}"
0.0,{'WSX'},"{'Westsound, WA'}"
0.0,{'WTL'},"{'Tuntutuliak, AK'}"
0.0,{'WWT'},"{'Newtok, AK'}"
0.0,{'YKM'},"{'Yakima, WA'}"
0.0,{'UGN'},"{'Waukegan, IL'}"
0.0,{'ZXU'},"{'North Kingstown, RI'}"
0.0,{'BVU'},"{'Beluga, AK'}"
0.0,{'IN6'},"{'Jeffersonville, IN'}"
0.0,{'MRF'},"{'Marfa, TX'}"
0.0,{'NV6'},"{'Pahrump, NV'}"
0.0,{'T4X'},"{'Llano, TX'}"
0.0,{'LOW'},"{'Louisa, VA'}"
0.0,{'WMO'},"{'White Mountain, AK'}"
0.0,{'WHD'},"{'Hyder, AK'}"
0.0,{'WBQ'},"{'Beaver, AK'}"
0.0,{'WBB'},"{'Stebbins, AK'}"
0.0,{'UIN'},"{'Quincy, IL'}"
0.0,{'UNK'},"{'Unalakleet, AK'}"
0.0,{'UST'},"{'St. Augustine, FL'}"
0.0,{'UT1'},"{'Heber, UT'}"
0.0,{'VA4'},"{'Leesburg, VA'}"
0.0,{'VLD'},"{'Valdosta, GA'}"
0.0,{'VAK'},"{'Chevak, AK'}"
0.0,{'VCT'},"{'Victoria, TX'}"
0.0,{'VDZ'},"{'Valdez, AK'}"
0.0,{'VEE'},"{'Venetie, AK'}"
0.0,{'VEL'},"{'Vernal, UT'}"
0.0,{'VQS'},"{'Vieques, PR'}"
0.0,{'VRB'},"{'Vero Beach, FL'}"
0.0,{'VWK'},"{'Saratoga Springs, NY'}"
0.0,{'WAA'},"{'Wales, AK'}"
0.0,{'SRV'},"{'Stony River, AK'}"
0.0,{'SPS'},"{'Wichita Falls, TX'}"
0.0,{'SPI'},"{'Springfield, IL'}"
0.0,{'RCE'},"{'Roche Harbor, WA'}"
0.0,{'PVU'},"{'Provo, UT'}"
0.0,{'PWM'},"{'Portland, ME'}"
0.0,{'STS'},"{'Santa Rosa, CA'}"
0.0,{'RAP'},"{'Rapid City, SD'}"
0.0,{'UGS'},"{'Ugashik, AK'}"
0.0,{'LAR'},"{'Laramie, WY'}"
0.0,{'RBY'},"{'Ruby, AK'}"
0.0,{'RDB'},"{'Red Dog, AK'}"
0.0,{'STT'},"{'Charlotte Amalie, VI'}"
0.0,{'RDV'},"{'Red Devil, AK'}"
0.0,{'RFD'},"{'Rockford, IL'}"
0.0,{'RHI'},"{'Rhinelander, WI'}"
0.0,{'RIW'},"{'Riverton/Lander, WY'}"
0.0,{'RKD'},"{'Rockland, ME'}"
0.0,{'RKS'},"{'Rock Springs, WY'}"
0.0,{'RMP'},"{'Rampart, AK'}"
0.0,{'PUW'},"{'Pullman, WA'}"
0.0,{'PUB'},"{'Pueblo, CO'}"
0.0,{'PTL'},"{'Port Armstrong, AK'}"
0.0,{'PTK'},"{'Pontiac, MI'}"
0.0,{'PPG'},"{'Pago Pago, TT'}"
0.0,{'PPV'},"{'Port Protection, AK'}"
0.0,{'PQI'},"{'Presque Isle/Houlton, ME'}"
0.0,{'PQS'},"{'Pilot Station, AK'}"
0.0,{'SBP'},"{'San Luis Obispo, CA'}"
0.0,{'PRC'},"{'Prescott, AZ'}"
0.0,{'PSC'},"{'Pasco/Kennewick/Richland, WA'}"
0.0,{'PSE'},"{'Ponce, PR'}"
0.0,{'PSF'},"{'Pittsfield, MA'}"
0.0,{'PSG'},"{'Petersburg, AK'}"
0.0,{'PSM'},"{'Portsmouth, NH'}"
0.0,"{'UDD', 'TRM', 'PSP'}","{'Bermuda Dunes, CA', 'Palm Springs, CA', 'Thermal, CA'}"
0.0,{'PTA'},"{'Port Alsworth, AK'}"
0.0,{'PTD'},"{'Port Alexander, AK'}"
0.0,{'PTH'},"{'Port Heiden, AK'}"
0.0,{'ROA'},"{'Roanoke, VA'}"
0.0,{'ROC'},"{'Rochester, NY'}"
0.0,{'ROG'},"{'Rogers, AR'}"
0.0,{'SHD'},"{'Staunton, VA'}"
0.0,{'SHH'},"{'Shishmaref, AK'}"
0.0,{'SHR'},"{'Sheridan, WY'}"
0.0,{'SHX'},"{'Shageluk, AK'}"
0.0,{'SJT'},"{'San Angelo, TX'}"
0.0,{'SKK'},"{'Shaktoolik, AK'}"
0.0,{'SKW'},"{'Skwentna, AK'}"
0.0,{'SLK'},"{'Saranac Lake/Lake Placid, NY'}"
0.0,{'SLN'},"{'Salina, KS'}"
0.0,{'SLQ'},"{'Sleetmute, AK'}"
0.0,{'SMK'},"{'St. Michael, AK'}"
0.0,{'SMX'},"{'Santa Maria, CA'}"
0.0,{'SNP'},"{'St. Paul, AK'}"
0.0,{'MRY'},"{'Monterey, CA'}"
0.0,{'SOV'},"{'Seldovia, AK'}"
0.0,{'SOW'},"{'Show Low, AZ'}"
0.0,{'SHG'},"{'Shungnak, AK'}"
0.0,{'SGY'},"{'Skagway, AK'}"
0.0,{'ROP'},"{'Rota, TT'}"
0.0,{'SGU'},"{'St. George, UT'}"
0.0,{'ROW'},"{'Roswell, NM'}"
0.0,{'RSH'},"{'Russian Mission, AK'}"
0.0,{'RUT'},"{'Rutland, VT'}"
0.0,{'TUL'},"{'Tulsa, OK'}"
0.0,{'SAF'},"{'Santa Fe, NM'}"
0.0,{'SAV'},"{'Savannah, GA'}"
0.0,{'SBD'},"{'San Bernardino, CA'}"
0.0,{'SBN'},"{'South Bend, IN'}"
0.0,{'HDN'},"{'Hayden, CO'}"
0.0,{'SBY'},"{'Salisbury, MD'}"
0.0,{'SCE'},"{'State College, PA'}"
0.0,{'SCK'},"{'Stockton, CA'}"
0.0,{'SDP'},"{'Sandpoint, AK'}"
0.0,{'SDY'},"{'Sidney, MT'}"
0.0,{'SGF'},"{'Springfield, MO'}"
0.0,{'RBN'},"{'Fort Jefferson, FL'}"
0.0,{'LIT'},"{'Little Rock, AR'}"
0.0,{'LAF'},"{'Lafayette, IN'}"
0.0,{'CGA'},"{'Craig, AK'}"
0.0,{'CDC'},"{'Cedar City, UT'}"
0.0,{'CDR'},"{'Chadron, NE'}"
0.0,"{'ICT', 'VWS'}","{'Wichita, KS'}"
0.0,{'CEC'},"{'Crescent City, CA'}"
0.0,{'CEF'},"{'Chicopee Falls, MA'}"
0.0,{'CEM'},"{'Central, AK'}"
0.0,{'CEZ'},"{'Cortez, CO'}"
0.0,{'CGI'},"{'Cape Girardeau, MO'}"
0.0,{'CLD'},"{'Carlsbad, CA'}"
0.0,{'CHA'},"{'Chattanooga, TN'}"
0.0,"{'CHS', 'SC6'}","{'Charleston, SC'}"
0.0,{'CHU'},"{'Chuathbaluk, AK'}"
0.0,{'CID'},"{'Cedar Rapids/Iowa City, IA'}"
0.0,{'CIK'},"{'Chalkyitsik, AK'}"
0.0,{'CIU'},"{'Sault Ste. Marie, MI'}"
0.0,{'CKD'},"{'Crooked Creek, AK'}"
0.0,{'CDV'},"{'Cordova, AK'}"
0.0,{'GTR'},"{'Columbus, MS'}"
0.0,{'CAE'},"{'Columbia, SC'}"
0.0,{'C01'},"{'Camarillo, CA'}"
0.0,{'BLI'},"{'Bellingham, WA'}"
0.0,{'BLV'},"{'Belleville, IL'}"
0.0,{'BMG'},"{'Bloomington, IN'}"
0.0,{'BMI'},"{'Bloomington/Normal, IL'}"
0.0,{'BOI'},"{'Boise, ID'}"
0.0,{'BPT'},"{'Beaumont/Port Arthur, TX'}"
0.0,{'BQN'},"{'Aguadilla, PR'}"
0.0,{'BRD'},"{'Brainerd, MN'}"
0.0,{'BRL'},"{'Burlington, IA'}"
0.0,{'BRO'},"{'Brownsville, TX'}"
0.0,{'BTI'},"{'Barter Island, AK'}"
0.0,{'BTM'},"{'Butte, MT'}"
0.0,{'BTT'},"{'Bettles, AK'}"
0.0,{'BTV'},"{'Burlington, VT'}"
0.0,{'BWD'},"{'Brownwood, TX'}"
0.0,{'CKX'},"{'Chicken, AK'}"
0.0,{'CLL'},"{'College Station/Bryan, TX'}"
0.0,{'KYU'},"{'Koyukuk, AK'}"
0.0,{'DIO'},"{'Diomede Island, AK'}"
0.0,{'DAB'},"{'Daytona Beach, FL'}"
0.0,{'DAY'},"{'Dayton, OH'}"
0.0,{'DBQ'},"{'Dubuque, IA'}"
0.0,{'DDC'},"{'Dodge City, KS'}"
0.0,{'DEC'},"{'Decatur, IL'}"
0.0,{'DHN'},"{'Dothan, AL'}"
0.0,{'DIK'},"{'Dickinson, ND'}"
0.0,{'DJN'},"{'Delta Junction, AK'}"
0.0,{'CLP'},"{'Clarks Point, AK'}"
0.0,{'DRT'},"{'Del Rio, TX'}"
0.0,{'DLH'},"{'Duluth, MN'}"
0.0,{'HNS'},"{'Haines, AK'}"
0.0,{'PTU'},"{'Platinum, AK'}"
0.0,{'DRG'},"{'Deering, AK'}"
0.0,{'DSI'},"{'Destin, FL'}"
0.0,{'DSM'},"{'Des Moines, IA'}"
0.0,{'CZN'},"{'Chisana, AK'}"
0.0,{'CYS'},"{'Cheyenne, WY'}"
0.0,{'CYF'},"{'Chefornak, AK'}"
0.0,{'CXO'},"{'Conroe, TX'}"
0.0,{'CMI'},"{'Champaign/Urbana, IL'}"
0.0,{'CMX'},"{'Hancock/Houghton, MI'}"
0.0,{'CNM'},"{'Carlsbad, NM'}"
0.0,{'CNY'},"{'Moab, UT'}"
0.0,{'COD'},"{'Cody, WY'}"
0.0,{'COE'},"{""Coeur d'Alene, ID""}"
0.0,{'CPR'},"{'Casper, WY'}"
0.0,{'MYR'},"{'Myrtle Beach, SC'}"
0.0,{'CRP'},"{'Corpus Christi, TX'}"
0.0,{'CRW'},"{'Charleston/Dunbar, WV'}"
0.0,{'CSG'},"{'Columbus, GA'}"
0.0,{'CTH'},"{'Coatesville, PA'}"
0.0,{'CVN'},"{'Clovis, NM'}"
0.0,{'LCH'},"{'Lake Charles, LA'}"
0.0,{'CXF'},"{'Coldfoot, AK'}"
0.0,{'BKW'},"{'Beckley, WV'}"
0.0,"{'CGF', 'BKL', 'CLE', 'CAK'}","{'Cleveland, OH', 'Akron, OH'}"
0.0,{'BKC'},"{'Buckland, AK'}"
0.0,{'ALO'},"{'Waterloo, IA'}"
0.0,{'AHN'},"{'Athens, GA'}"
0.0,{'AIA'},"{'Alliance, NE'}"
0.0,{'AIN'},"{'Wainwright, AK'}"
0.0,{'AKB'},"{'Atka, AK'}"
0.0,{'AKI'},"{'Akiak, AK'}"
0.0,{'AKP'},"{'Anaktuvuk Pass, AK'}"
0.0,{'HSV'},"{'Huntsville, AL'}"
0.0,{'ALS'},"{'Alamosa, CO'}"
0.0,{'BJI'},"{'Bemidji, MN'}"
0.0,{'ALW'},"{'Walla Walla, WA'}"
0.0,{'AMA'},"{'Amarillo, TX'}"
0.0,{'DRO'},"{'Durango, CO'}"
0.0,{'AMW'},"{'Ames, IA'}"
0.0,{'ANV'},"{'Anvik, AK'}"
0.0,{'AOO'},"{'Altoona, PA'}"
0.0,{'APF'},"{'Naples, FL'}"
0.0,{'AGS'},"{'Augusta, GA'}"
0.0,{'AGN'},"{'Angoon, AK'}"
0.0,{'AEX'},"{'Alexandria, LA'}"
0.0,{'AET'},"{'Allakaket, AK'}"
0.0,{'1G4'},"{'Peach Springs, AZ'}"
0.0,{'WLK'},"{'Selawik, AK'}"
0.0,{'ADQ'},"{'Kodiak, AK'}"
0.0,"{'SCC', 'AA8'}","{'Deadhorse, AK'}"
0.0,{'JZE'},"{'Trading Bay, AK'}"
0.0,{'ABE'},"{'Allentown/Bethlehem/Easton, PA'}"
0.0,{'ABI'},"{'Abilene, TX'}"
0.0,{'ABL'},"{'Ambler, AK'}"
0.0,{'ABR'},"{'Aberdeen, SD'}"
0.0,{'ABY'},"{'Albany, GA'}"
0.0,{'ACT'},"{'Waco, TX'}"
0.0,{'ACV'},"{'Arcata/Eureka, CA'}"
0.0,{'ACY'},"{'Atlantic City, NJ'}"
0.0,{'ADK'},"{'Adak Island, AK'}"
0.0,{'ADM'},"{'Ardmore, OK'}"
0.0,{'APN'},"{'Alpena, MI'}"
0.0,{'ARC'},"{'Arctic Village, AK'}"
0.0,{'ART'},"{'Watertown, NY'}"
0.0,{'BDL'},"{'Hartford, CT'}"
0.0,{'BFD'},"{'Bradford, PA'}"
0.0,{'BFF'},"{'Scottsbluff, NE'}"
0.0,{'BFL'},"{'Bakersfield, CA'}"
0.0,{'MOB'},"{'Mobile, AL'}"
0.0,{'BFT'},"{'Beaufort, SC'}"
0.0,{'BGE'},"{'Bainbridge, GA'}"
0.0,{'BGM'},"{'Binghamton, NY'}"
0.0,{'BGR'},"{'Bangor, ME'}"
0.0,{'BHB'},"{'Bar Harbor, ME'}"
0.0,{'IFP'},"{'Bullhead City, AZ'}"
0.0,{'BHM'},"{'Birmingham, AL'}"
0.0,{'BID'},"{'Block Island, RI'}"
0.0,"{'BIF', 'ELP'}","{'El Paso, TX'}"
0.0,{'BIH'},"{'Bishop, CA'}"
0.0,{'BIS'},"{'Bismarck/Mandan, ND'}"
0.0,{'BEH'},"{'Benton Harbor/St. Joseph, MI'}"
0.0,{'BCT'},"{'Boca Raton, FL'}"
0.0,{'ASE'},"{'Aspen, CO'}"
0.0,{'BAF'},"{'Westfield, MA'}"
0.0,{'ATK'},"{'Atqasuk, AK'}"
0.0,{'ATO'},"{'Athens, OH'}"
0.0,{'ATT'},"{'Atmautluak, AK'}"
0.0,{'ATW'},"{'Appleton, WI'}"
0.0,{'ATY'},"{'Watertown, SD'}"
0.0,"{'AUG', 'WVL'}","{'Augusta/Waterville, ME'}"
0.0,{'AUK'},"{'Alakanuk, AK'}"
0.0,{'AUO'},"{'Auburn, AL'}"
0.0,{'CWA'},"{'Mosinee, WI'}"
0.0,{'AVL'},"{'Asheville, NC'}"
0.0,{'AVP'},"{'Scranton/Wilkes-Barre, PA'}"
0.0,"{'AVW', 'TUS'}","{'Tucson, AZ'}"
0.0,{'GCN'},"{'Grand Canyon, AZ'}"
0.0,{'AZO'},"{'Kalamazoo, MI'}"
0.0,{'B21'},"{'Carrabassett, ME'}"
0.0,{'DUJ'},"{'DuBois, PA'}"
0.0,{'DVL'},"{'Devils Lake, ND'}"
0.0,{'EAA'},"{'Eagle, AK'}"
0.0,{'ITH'},"{'Ithaca/Cortland, NY'}"
0.0,{'IND'},"{'Indianapolis, IN'}"
0.0,{'INL'},"{'International Falls, MN'}"
0.0,{'INT'},"{'Winston-Salem, NC'}"
0.0,{'IPL'},"{'El Centro, CA'}"
0.0,{'IRC'},"{'Circle, AK'}"
0.0,{'IRK'},"{'Kirksville, MO'}"
0.0,{'XWA'},"{'Williston, ND'}"
0.0,{'ITO'},"{'Hilo, HI'}"
0.0,{'HNM'},"{'Hana, HI'}"
0.0,{'IWD'},"{'Ironwood, MI'}"
0.0,{'JAC'},"{'Jackson, WY'}"
0.0,{'JAN'},"{'Jackson/Vicksburg, MS'}"
0.0,{'JBR'},"{'Jonesboro, AR'}"
0.0,{'COU'},"{'Columbia, MO'}"
0.0,{'JHM'},"{'Kapalua, HI'}"
0.0,{'JHW'},"{'Jamestown, NY'}"
0.0,{'IMT'},"{'Iron Mountain/Kingsfd, MI'}"
0.0,{'ILM'},"{'Wilmington, NC'}"
0.0,{'ILG'},"{'Wilmington, DE'}"
0.0,{'IKO'},"{'Nikolski, AK'}"
0.0,{'HOT'},"{'Hot Springs, AR'}"
0.0,{'HPB'},"{'Hooper Bay, AK'}"
0.0,{'HRL'},"{'Harlingen/San Benito, TX'}"
0.0,{'HRO'},"{'Harrison, AR'}"
0.0,{'HTS'},"{'Ashland, WV'}"
0.0,{'HUS'},"{'Hughes, AK'}"
0.0,{'HVN'},"{'New Haven, CT'}"
0.0,{'HVR'},"{'Havre, MT'}"
0.0,{'HYA'},"{'Hyannis, MA'}"
0.0,{'HYL'},"{'Hollis, AK'}"
0.0,{'HYS'},"{'Hays, KS'}"
0.0,{'IAG'},"{'Niagara Falls, NY'}"
0.0,{'IAN'},"{'Kiana, AK'}"
0.0,{'IDA'},"{'Idaho Falls, ID'}"
0.0,{'IGG'},"{'Igiugig, AK'}"
0.0,{'JLN'},"{'Joplin, MO'}"
0.0,{'JMS'},"{'Jamestown, ND'}"
0.0,{'USA'},"{'Concord, NC'}"
0.0,{'KMO'},"{'Manokotak, AK'}"
0.0,{'KNW'},"{'New Stuyahok, AK'}"
0.0,{'KOA'},"{'Kona, HI'}"
0.0,{'KOT'},"{'Kotlik, AK'}"
0.0,{'KPB'},"{'Point Baker, AK'}"
0.0,{'KPN'},"{'Kipnuk, AK'}"
0.0,{'KPV'},"{'Perryville, AK'}"
0.0,{'KQA'},"{'Akutan, AK'}"
0.0,{'KSM'},"{""St. Mary's, AK""}"
0.0,{'KTS'},"{'Brevig Mission, AK'}"
0.0,{'KUK'},"{'Kasigluk, AK'}"
0.0,{'KVC'},"{'King Cove, AK'}"
0.0,{'KVL'},"{'Kivalina, AK'}"
0.0,{'KWK'},"{'Kwigillingok, AK'}"
0.0,{'KWN'},"{'Quinhagak, AK'}"
0.0,{'KWT'},"{'Kwethluk, AK'}"
0.0,{'KNK'},"{'Kokhanok, AK'}"
0.0,{'KLL'},"{'Levelock, AK'}"
0.0,{'RST'},"{'Rochester, MN'}"
0.0,{'KLG'},"{'Kalskag, AK'}"
0.0,{'STC'},"{'St. Cloud, MN'}"
0.0,{'JST'},"{'Johnstown, PA'}"
0.0,{'JZI'},"{'Portland, TN'}"
0.0,{'KAE'},"{'Kake, AK'}"
0.0,{'KAL'},"{'Kaltag, AK'}"
0.0,{'KBC'},"{'Birch Creek, AK'}"
0.0,"{'KCG', 'KCQ', 'KCL'}","{'Chignik Lagoon, AK', 'Chignik Bay, AK', 'Chignik, AK'}"
0.0,{'KEB'},"{'Nanwalek, AK'}"
0.0,{'KEK'},"{'Ekwok, AK'}"
0.0,{'KFP'},"{'False Pass, AK'}"
0.0,{'KGK'},"{'Koliganek, AK'}"
0.0,{'KGX'},"{'Grayling, AK'}"
0.0,{'KKA'},"{'Koyuk, AK'}"
0.0,{'KKH'},"{'Kongiganak, AK'}"
0.0,{'KKI'},"{'Akiachak, AK'}"
0.0,{'HOB'},"{'Hobbs, NM'}"
0.0,{'HNH'},"{'Hoonah, AK'}"
0.0,{'WTK'},"{'Noatak, AK'}"
0.0,{'FCA'},"{'Kalispell, MT'}"
0.0,{'EUG'},"{'Eugene, OR'}"
0.0,{'EVV'},"{'Evansville, IN'}"
0.0,{'EWB'},"{'New Bedford/Fall River, MA'}"
0.0,{'FAR'},"{'Fargo, ND'}"
0.0,{'FAT'},"{'Fresno, CA'}"
0.0,{'FAY'},"{'Fayetteville, NC'}"
0.0,"{'FRD', 'FBS'}","{'Friday Harbor, WA'}"
0.0,{'FLG'},"{'Flagstaff, AZ'}"
0.0,{'HLN'},"{'Helena, MT'}"
0.0,{'FLO'},"{'Florence, SC'}"
0.0,{'FNL'},"{'Fort Collins/Loveland, CO'}"
0.0,{'FNT'},"{'Flint, MI'}"
0.0,{'FOD'},"{'Fort Dodge, IA'}"
0.0,{'FOE'},"{'Topeka, KS'}"
0.0,{'FOK'},"{'Westhampton, NY'}"
0.0,{'FSD'},"{'Sioux Falls, SD'}"
0.0,{'ESD'},"{'Eastsound, WA'}"
0.0,{'ESC'},"{'Escanaba, MI'}"
0.0,{'ERV'},"{'Kerrville, TX'}"
0.0,{'ERI'},"{'Erie, PA'}"
0.0,{'EAR'},"{'Kearney, NE'}"
0.0,{'EAT'},"{'Wenatchee, WA'}"
0.0,{'EAU'},"{'Eau Claire, WI'}"
0.0,{'ECP'},"{'Panama City, FL'}"
0.0,{'EEK'},"{'Eek, AK'}"
0.0,{'NCN'},"{'Chenega, AK'}"
0.0,{'EGE'},"{'Eagle, CO'}"
0.0,{'VPS'},"{'Valparaiso, FL'}"
0.0,{'EGX'},"{'Egegik, AK'}"
0.0,{'EKO'},"{'Elko, NV'}"
0.0,{'ELD'},"{'El Dorado, AR'}"
0.0,{'ELI'},"{'Elim, AK'}"
0.0,{'ELM'},"{'Elmira/Corning, NY'}"
0.0,{'ELV'},"{'Elfin Cove, AK'}"
0.0,{'ENN'},"{'Nenana, AK'}"
0.0,{'FSM'},"{'Fort Smith, AR'}"
0.0,{'FWA'},"{'Fort Wayne, IN'}"
0.0,{'FYU'},"{'Fort Yukon, AK'}"
0.0,{'GNV'},"{'Gainesville, FL'}"
0.0,{'TIW'},"{'Tacoma, WA'}"
0.0,{'GRI'},"{'Grand Island, NE'}"
0.0,{'GRK'},"{'Killeen, TX'}"
0.0,{'GSO'},"{'Greensboro/High Point, NC'}"
0.0,{'GST'},"{'Gustavus, AK'}"
0.0,{'GUC'},"{'Gunnison, CO'}"
0.0,{'GUP'},"{'Gallup, NM'}"
0.0,{'MDT'},"{'Harrisburg, PA'}"
0.0,{'HCR'},"{'Holy Cross, AK'}"
0.0,{'HGR'},"{'Hagerstown, MD'}"
0.0,{'HHH'},"{'Hilton Head, SC'}"
0.0,{'HIB'},"{'Hibbing, MN'}"
0.0,{'OGD'},"{'Ogden, UT'}"
0.0,{'HIO'},"{'Hillsboro, OR'}"
0.0,{'HKB'},"{'Healy, AK'}"
0.0,{'GRB'},"{'Green Bay, WI'}"
0.0,{'GNU'},"{'Goodnews Bay, AK'}"
0.0,{'GAI'},"{'Gaithersburg, MD'}"
0.0,{'GLV'},"{'Golovin, AK'}"
0.0,{'GAM'},"{'Gambell, AK'}"
0.0,{'GBH'},"{'Galbraith Lake, AK'}"
0.0,{'GBR'},"{'Great Barrington, MA'}"
0.0,{'GCC'},"{'Gillette, WY'}"
0.0,{'GCK'},"{'Garden City, KS'}"
0.0,"{'GSP', 'GMU'}","{'Greenville, SC', 'Greer, SC'}"
0.0,{'GDV'},"{'Glendive, MT'}"
0.0,{'GEG'},"{'Spokane, WA'}"
0.0,{'GTF'},"{'Great Falls, MT'}"
0.0,{'GFK'},"{'Grand Forks, ND'}"
0.0,{'GFL'},"{'Glens Falls, NY'}"
0.0,{'GGG'},"{'Longview, TX'}"
0.0,{'GGW'},"{'Glasgow, MT'}"
0.0,{'GJT'},"{'Grand Junction, CO'}"
0.0,{'GLH'},"{'Greenville, MS'}"
0.0,{'1AK'},"{'Mertarvik, AK'}"
